timeStamp,elapsed,label,responseCode,responseMessage,threadName,dataType,success,failureMessage,bytes,sentBytes,grpThreads,allThreads,URL,Latency,IdleTime,Connect
1634652123177,2661,VBScriptTutorialPage,200,OK,LoadTest 1-2,text,true,,67100,150,5,5,https://inderpsingh.blogspot.com/2014/09/VBScript.html,2354,0,1035
1634652122973,2944,VBScriptTutorialPage,200,OK,LoadTest 1-1,text,true,,67100,150,5,5,https://inderpsingh.blogspot.com/2014/09/VBScript.html,2755,0,1237
1634652123575,2445,VBScriptTutorialPage,200,OK,LoadTest 1-4,text,true,,67100,150,5,5,https://inderpsingh.blogspot.com/2014/09/VBScript.html,2130,0,940
1634652123380,2745,VBScriptTutorialPage,200,OK,LoadTest 1-3,text,true,,67100,150,5,5,https://inderpsingh.blogspot.com/2014/09/VBScript.html,2352,0,931
1634652125840,493,Softwaretestingtutorials,200,OK,LoadTest 1-2,text,true,,67697,166,5,5,https://inderpsingh.blogspot.com/2014/04/softwaretestingtutorials.html,273,0,0
1634652126021,3030,Softwaretestingtutorials,200,OK,LoadTest 1-4,text,true,,67697,166,5,5,https://inderpsingh.blogspot.com/2014/04/softwaretestingtutorials.html,722,0,0
1634652126126,2949,Softwaretestingtutorials,200,OK,LoadTest 1-3,text,true,,67697,166,5,5,https://inderpsingh.blogspot.com/2014/04/softwaretestingtutorials.html,516,0,0
1634652126334,3004,PythonPage,200,OK,LoadTest 1-2,text,true,,137966,148,5,5,https://inderpsingh.blogspot.com/search/label/Python,727,0,0
1634652129053,509,PythonPage,200,OK,LoadTest 1-4,text,true,,137966,148,5,5,https://inderpsingh.blogspot.com/search/label/Python,273,0,0
1634652129076,865,PythonPage,200,OK,LoadTest 1-3,text,true,,137966,148,5,5,https://inderpsingh.blogspot.com/search/label/Python,455,0,0
1634652123777,6428,VBScriptTutorialPage,200,OK,LoadTest 1-5,text,true,,67100,150,5,5,https://inderpsingh.blogspot.com/2014/09/VBScript.html,2750,0,2287
1634652129564,828,ManualTestingTutorialPage,200,OK,LoadTest 1-4,text,true,,67697,166,5,5,https://inderpsingh.blogspot.com/2014/04/softwaretestingtutorials.html,754,0,0
1634652129338,1272,ManualTestingTutorialPage,200,OK,LoadTest 1-2,text,true,,67697,166,4,4,https://inderpsingh.blogspot.com/2014/04/softwaretestingtutorials.html,348,0,0
1634652129942,835,ManualTestingTutorialPage,200,OK,LoadTest 1-3,text,true,,67697,166,3,3,https://inderpsingh.blogspot.com/2014/04/softwaretestingtutorials.html,561,0,0
1634652130206,670,Softwaretestingtutorials,200,OK,LoadTest 1-5,text,true,,67697,166,2,2,https://inderpsingh.blogspot.com/2014/04/softwaretestingtutorials.html,556,0,0
1634652130877,934,PythonPage,200,OK,LoadTest 1-5,text,true,,137966,148,2,2,https://inderpsingh.blogspot.com/search/label/Python,328,0,0
1634652125919,6022,Softwaretestingtutorials,200,OK,LoadTest 1-1,text,true,,67697,166,2,2,https://inderpsingh.blogspot.com/2014/04/softwaretestingtutorials.html,775,0,0
1634652131812,491,ManualTestingTutorialPage,200,OK,LoadTest 1-5,text,true,,67697,166,2,2,https://inderpsingh.blogspot.com/2014/04/softwaretestingtutorials.html,343,0,0
1634652131942,618,PythonPage,200,OK,LoadTest 1-1,text,true,,137966,148,1,1,https://inderpsingh.blogspot.com/search/label/Python,280,0,0
1634652132560,772,ManualTestingTutorialPage,200,OK,LoadTest 1-1,text,true,,67697,166,1,1,https://inderpsingh.blogspot.com/2014/04/softwaretestingtutorials.html,615,0,0
